{"assets/emoticon/1.png":["assets/emoticon/1.png"],"assets/emoticon/10.png":["assets/emoticon/10.png"],"assets/emoticon/2.png":["assets/emoticon/2.png"],"assets/emoticon/3.png":["assets/emoticon/3.png"],"assets/emoticon/4.png":["assets/emoticon/4.png"],"assets/emoticon/5.png":["assets/emoticon/5.png"],"assets/emoticon/6.png":["assets/emoticon/6.png"],"assets/emoticon/7.png":["assets/emoticon/7.png"],"assets/emoticon/8.png":["assets/emoticon/8.png"],"assets/emoticon/9.png":["assets/emoticon/9.png"],"assets/flash/flash1.png":["assets/flash/flash1.png"],"assets/flash/flash2.png":["assets/flash/flash2.png"],"assets/flash/flash3.png":["assets/flash/flash3.png"],"assets/icon/accept.png":["assets/icon/accept.png"],"assets/icon/age.png":["assets/icon/age.png"],"assets/icon/alert.png":["assets/icon/alert.png"],"assets/icon/bca.png":["assets/icon/bca.png"],"assets/icon/bell.png":["assets/icon/bell.png"],"assets/icon/bni.png":["assets/icon/bni.png"],"assets/icon/box.png":["assets/icon/box.png"],"assets/icon/bri.png":["assets/icon/bri.png"],"assets/icon/cc-list.png":["assets/icon/cc-list.png"],"assets/icon/clock.png":["assets/icon/clock.png"],"assets/icon/counselor.png":["assets/icon/counselor.png"],"assets/icon/counselor_login.png":["assets/icon/counselor_login.png"],"assets/icon/credit%20card.png":["assets/icon/credit%20card.png"],"assets/icon/cvv.png":["assets/icon/cvv.png"],"assets/icon/decline.png":["assets/icon/decline.png"],"assets/icon/double-tick.png":["assets/icon/double-tick.png"],"assets/icon/error-page.png":["assets/icon/error-page.png"],"assets/icon/facebook.png":["assets/icon/facebook.png"],"assets/icon/gender.png":["assets/icon/gender.png"],"assets/icon/gopay-phone-scan.png":["assets/icon/gopay-phone-scan.png"],"assets/icon/gopay-phone-scan2.png":["assets/icon/gopay-phone-scan2.png"],"assets/icon/gopay.png":["assets/icon/gopay.png"],"assets/icon/indodana.png":["assets/icon/indodana.png"],"assets/icon/instagram.png":["assets/icon/instagram.png"],"assets/icon/kalm.png":["assets/icon/kalm.png"],"assets/icon/latitude.png":["assets/icon/latitude.png"],"assets/icon/login_icon.png":["assets/icon/login_icon.png"],"assets/icon/mandiri.png":["assets/icon/mandiri.png"],"assets/icon/null-profile.png":["assets/icon/null-profile.png"],"assets/icon/null_img.png":["assets/icon/null_img.png"],"assets/icon/ors_icon.png":["assets/icon/ors_icon.png"],"assets/icon/permata.png":["assets/icon/permata.png"],"assets/icon/register_icon.png":["assets/icon/register_icon.png"],"assets/icon/reload.png":["assets/icon/reload.png"],"assets/icon/scan-gopay.png":["assets/icon/scan-gopay.png"],"assets/icon/shopee.png":["assets/icon/shopee.png"],"assets/icon/tick-clock.png":["assets/icon/tick-clock.png"],"assets/icon/tick.png":["assets/icon/tick.png"],"assets/icon/visa.png":["assets/icon/visa.png"],"assets/icon/voucher-success.png":["assets/icon/voucher-success.png"],"assets/icon/voucher.png":["assets/icon/voucher.png"],"assets/icon/whatsapp.png":["assets/icon/whatsapp.png"],"assets/icon/youtube.png":["assets/icon/youtube.png"],"assets/image/gender.png":["assets/image/gender.png"],"assets/image/image_progress.png":["assets/image/image_progress.png"],"assets/image/kalm_illustration_000.png":["assets/image/kalm_illustration_000.png"],"assets/image/kalm_illustration_001.png":["assets/image/kalm_illustration_001.png"],"assets/image/kalm_illustration_002.png":["assets/image/kalm_illustration_002.png"],"assets/image/kalm_illustration_003.png":["assets/image/kalm_illustration_003.png"],"assets/image/latitude.png":["assets/image/latitude.png"],"assets/image/no_images.png":["assets/image/no_images.png"],"assets/image/ors_icon.png":["assets/image/ors_icon.png"],"assets/others/accept.png":["assets/others/accept.png"],"assets/others/age.png":["assets/others/age.png"],"assets/others/alert.png":["assets/others/alert.png"],"assets/others/bell.png":["assets/others/bell.png"],"assets/others/box.png":["assets/others/box.png"],"assets/others/clock.png":["assets/others/clock.png"],"assets/others/decline.png":["assets/others/decline.png"],"assets/others/dollar.png":["assets/others/dollar.png"],"assets/others/double-tick.png":["assets/others/double-tick.png"],"assets/others/error-page.png":["assets/others/error-page.png"],"assets/others/facebook.png":["assets/others/facebook.png"],"assets/others/gender.png":["assets/others/gender.png"],"assets/others/gopay-phone-scan.png":["assets/others/gopay-phone-scan.png"],"assets/others/gopay-phone-scan2.png":["assets/others/gopay-phone-scan2.png"],"assets/others/instagram.png":["assets/others/instagram.png"],"assets/others/latitude.png":["assets/others/latitude.png"],"assets/others/null-profile.png":["assets/others/null-profile.png"],"assets/others/null_img.png":["assets/others/null_img.png"],"assets/others/ors_icon.png":["assets/others/ors_icon.png"],"assets/others/reload.png":["assets/others/reload.png"],"assets/others/scan-gopay.png":["assets/others/scan-gopay.png"],"assets/others/tick-clock.png":["assets/others/tick-clock.png"],"assets/others/tick.png":["assets/others/tick.png"],"assets/others/voucher-success.png":["assets/others/voucher-success.png"],"assets/others/voucher.png":["assets/others/voucher.png"],"assets/others/whatsapp.png":["assets/others/whatsapp.png"],"assets/others/youtube.png":["assets/others/youtube.png"],"assets/tab/badge-chat.png":["assets/tab/badge-chat.png"],"assets/tab/chat.png":["assets/tab/chat.png"],"assets/tab/discovery.png":["assets/tab/discovery.png"],"assets/tab/gratitude.png":["assets/tab/gratitude.png"],"assets/tab/home.png":["assets/tab/home.png"],"assets/tab/setting.png":["assets/tab/setting.png"],"assets/wave/login_wave.png":["assets/wave/login_wave.png"],"assets/wave/wave.png":["assets/wave/wave.png"],"assets/wave/wave1.png":["assets/wave/wave1.png"],"assets/wave/wave2.png":["assets/wave/wave2.png"],"assets/wave/wave3.png":["assets/wave/wave3.png"],"assets/wave/wave4.png":["assets/wave/wave4.png"],"assets/wave/wave5.png":["assets/wave/wave5.png"],"fonts/AlexBrush-Regular.ttf":["fonts/AlexBrush-Regular.ttf"],"fonts/MavenPro-Black.ttf":["fonts/MavenPro-Black.ttf"],"fonts/MavenPro-Bold.ttf":["fonts/MavenPro-Bold.ttf"],"fonts/MavenPro-Medium.ttf":["fonts/MavenPro-Medium.ttf"],"fonts/MavenPro-Regular.ttf":["fonts/MavenPro-Regular.ttf"],"packages/cupertino_icons/assets/CupertinoIcons.ttf":["packages/cupertino_icons/assets/CupertinoIcons.ttf"],"packages/flutter_inappwebview/t_rex_runner/t-rex.css":["packages/flutter_inappwebview/t_rex_runner/t-rex.css"],"packages/flutter_inappwebview/t_rex_runner/t-rex.html":["packages/flutter_inappwebview/t_rex_runner/t-rex.html"],"packages/youtube_player_flutter/assets/speedometer.webp":["packages/youtube_player_flutter/assets/speedometer.webp"]}